{
  "rows": [
    {
      "seed": 42.0,
      "correct": 0.007343283388763666,
      "wrong": 0.010287408716976643,
      "shuffled": 0.010538501664996147,
      "reversed": 0.007931997999548912,
      "negated": 0.01215006597340107,
      "h1_zero": 0.008615047670900822,
      "no_action": 0.008615047670900822,
      "h1_over_h0": 0.919455349445343,
      "comm_norm": 0.08478157222270966,
      "comm_relative": 0.6179889440536499
    },
    {
      "seed": 123.0,
      "correct": 0.007722889073193073,
      "wrong": 0.010106606408953667,
      "shuffled": 0.010148515924811363,
      "reversed": 0.008397813886404037,
      "negated": 0.01173085905611515,
      "h1_zero": 0.008731101639568806,
      "no_action": 0.008731101639568806,
      "h1_over_h0": 0.9008800983428955,
      "comm_norm": 0.10901102423667908,
      "comm_relative": 0.7809028029441833
    },
    {
      "seed": 456.0,
      "correct": 0.00960429385304451,
      "wrong": 0.01384213287383318,
      "shuffled": 0.013854630291461945,
      "reversed": 0.010589642450213432,
      "negated": 0.01576991379261017,
      "h1_zero": 0.011425078846514225,
      "no_action": 0.011425078846514225,
      "h1_over_h0": 1.1705279350280762,
      "comm_norm": 0.13554324209690094,
      "comm_relative": 0.6509311199188232
    }
  ],
  "summary": {
    "correct": {
      "mean": 0.008223488771667084,
      "std": 0.0012107816167588074
    },
    "wrong": {
      "mean": 0.011412049333254496,
      "std": 0.0021064548130188265
    },
    "shuffled": {
      "mean": 0.011513882627089819,
      "std": 0.0020365036068184465
    },
    "reversed": {
      "mean": 0.008973151445388794,
      "std": 0.0014191647144080504
    },
    "negated": {
      "mean": 0.01321694627404213,
      "std": 0.0022208480301503476
    },
    "h1_zero": {
      "mean": 0.009590409385661284,
      "std": 0.001589929606570905
    },
    "no_action": {
      "mean": 0.009590409385661284,
      "std": 0.001589929606570905
    },
    "h1_over_h0": {
      "mean": 0.9969544609387716,
      "std": 0.150605687704524
    },
    "comm_norm": {
      "mean": 0.10977861285209656,
      "std": 0.02538953871806228
    },
    "comm_relative": {
      "mean": 0.6832742889722189,
      "std": 0.08613821331420542
    }
  },
  "n_seeds": 3,
  "k_horizon": 5
}