{
  "rows": [
    {
      "seed": 42,
      "probe_r2": 0.5914381851807582,
      "action_sensitivity_p_vs_n": 0.0011441903188824654,
      "h0_norm": 0.2731366753578186,
      "h1_norm": 0.25113698840141296,
      "h1_over_h0": 0.9194553901354138
    },
    {
      "seed": 123,
      "probe_r2": 0.5102397481658851,
      "action_sensitivity_p_vs_n": 0.0010899322805926204,
      "h0_norm": 0.27834805846214294,
      "h1_norm": 0.25075826048851013,
      "h1_over_h0": 0.9008802212378816
    },
    {
      "seed": 456,
      "probe_r2": 0.5198760523800401,
      "action_sensitivity_p_vs_n": 0.001210909802466631,
      "h0_norm": 0.2982397675514221,
      "h1_norm": 0.34909799695014954,
      "h1_over_h0": 1.1705279943592986
    }
  ],
  "aggregate": {
    "probe_r2": {
      "mean": 0.5405179952422278,
      "std": 0.04436061200275469
    },
    "action_sensitivity_p_vs_n": {
      "mean": 0.0011483441339805722,
      "std": 6.0595633791521e-05
    },
    "h1_over_h0": {
      "mean": 0.996954535244198,
      "std": 0.150605672226444
    },
    "n_seeds": 3
  }
}