{
  "agg": {
    "uwm": {
      "teacher": {
        "1": [
          0.8595697308198033,
          0.01218373640177166
        ],
        "3": [
          0.8633069303212357,
          0.009891350681626583
        ],
        "5": [
          0.8268287404195288,
          0.06074670974440086
        ],
        "10": [
          0.6500848928093151,
          0.21377958436947855
        ],
        "20": [
          0.493652193086046,
          0.3041681761385933
        ]
      },
      "blind": {
        "1": [
          0.8363835512889716,
          0.018556667504634708
        ],
        "3": [
          0.7941810665110997,
          0.03015155114688564
        ],
        "5": [
          0.7358549461860745,
          0.02070374805459545
        ],
        "10": [
          0.6917729073133776,
          0.1410189833458343
        ],
        "20": [
          -0.09052275719973528,
          0.1500023938745863
        ]
      },
      "delta": {
        "1": [
          0.023186179530831613,
          0.0075794794608296644
        ],
        "3": [
          0.06912586381013608,
          0.025692686016150348
        ],
        "5": [
          0.09097379423345446,
          0.04352654546260571
        ],
        "10": [
          -0.041688014504062454,
          0.08585997531464024
        ],
        "20": [
          0.5841749502857813,
          0.3809164274898499
        ]
      },
      "retention": {
        "1": [
          0.9729599379332675,
          0.009139214662671495,
          3
        ],
        "3": [
          0.9198535107312847,
          0.030240061275413215,
          3
        ],
        "5": [
          0.8921551297796887,
          0.0464996666139812,
          3
        ],
        "10": [
          1.1021472279456475,
          0.17600246053159613,
          3
        ],
        "20": [
          -0.1934715027097867,
          0.3001090810826805,
          2
        ]
      }
    },
    "lstm": {
      "teacher": {
        "1": [
          0.8997769297555566,
          0.021541172423481803
        ],
        "3": [
          0.8764569246826036,
          0.008677867947675137
        ],
        "5": [
          0.8327113394526894,
          0.018117929989451064
        ],
        "10": [
          0.6544487139883772,
          0.07654688771066367
        ],
        "20": [
          0.31652738154384424,
          0.36735191753035673
        ]
      },
      "blind": {
        "1": [
          0.48708129915103365,
          0.06659317596729265
        ],
        "3": [
          0.19874084403144185,
          0.17185478107140548
        ],
        "5": [
          0.8200800219683043,
          0.04987017832209876
        ],
        "10": [
          0.5926989338615721,
          0.09608034073514679
        ],
        "20": [
          -0.1855742510801107,
          0.2978510864068169
        ]
      },
      "delta": {
        "1": [
          0.41269563060452286,
          0.045617424317896116
        ],
        "3": [
          0.6777160806511618,
          0.17925866226601622
        ],
        "5": [
          0.012631317484385137,
          0.06215543751514354
        ],
        "10": [
          0.06174978012680502,
          0.0669028767110391
        ],
        "20": [
          0.502101632623955,
          0.12174288232690737
        ]
      },
      "retention": {
        "1": [
          0.5403684482149022,
          0.06221225731036624,
          3
        ],
        "3": [
          0.22786128701361227,
          0.19699297125319593,
          3
        ],
        "5": [
          0.9856594519449576,
          0.07501166021477919,
          3
        ],
        "10": [
          0.9060300775116653,
          0.10706509467147347,
          3
        ],
        "20": [
          0.21535151334282054,
          0.0,
          1
        ]
      }
    },
    "gru": {
      "teacher": {
        "1": [
          0.0634884283094825,
          0.02849686455006467
        ],
        "3": [
          -0.07574491253964721,
          0.19386268305081253
        ],
        "5": [
          0.10114220713459428,
          0.05911422503765175
        ],
        "10": [
          0.08546883446463034,
          0.07008588495151798
        ],
        "20": [
          0.02454417292176525,
          0.11702582869439394
        ]
      },
      "blind": {
        "1": [
          -98.11066538183263,
          108.22475840469494
        ],
        "3": [
          -78.32150320028204,
          108.40524962412327
        ],
        "5": [
          -0.08874338204272077,
          0.17157656612209485
        ],
        "10": [
          -0.7704724467807383,
          0.723580695779001
        ],
        "20": [
          -2.6320249756638776,
          2.213336269235613
        ]
      },
      "delta": {
        "1": [
          98.17415381014212,
          108.24680630841655
        ],
        "3": [
          78.24575828774239,
          108.47237654709413
        ],
        "5": [
          0.18988558917731505,
          0.1832896718964351
        ],
        "10": [
          0.8559412812453685,
          0.7776200372532978
        ],
        "20": [
          2.656569148585643,
          2.304306833397354
        ]
      },
      "retention": {
        "1": [
          null,
          null,
          0
        ],
        "3": [
          null,
          null,
          0
        ],
        "5": [
          null,
          null,
          0
        ],
        "10": [
          null,
          null,
          0
        ],
        "20": [
          null,
          null,
          0
        ]
      }
    },
    "ortho_rnn": {
      "teacher": {
        "1": [
          0.2728891321728876,
          0.0775275211100587
        ],
        "3": [
          0.2474750461651751,
          0.15275605338531872
        ],
        "5": [
          0.30941365679866156,
          0.10406468203303663
        ],
        "10": [
          0.3109183234057206,
          0.06076183274972287
        ],
        "20": [
          0.2838810125565016,
          0.09118574651607217
        ]
      },
      "blind": {
        "1": [
          -0.5593407026638005,
          0.5828964640218368
        ],
        "3": [
          -0.2166679760009669,
          0.32664050225364966
        ],
        "5": [
          0.010974173588201075,
          0.1027972764836415
        ],
        "10": [
          -0.006413928891841891,
          0.12718532846963043
        ],
        "20": [
          -0.04098034211380871,
          0.1288635884668772
        ]
      },
      "delta": {
        "1": [
          0.8322298348366882,
          0.6274185039402407
        ],
        "3": [
          0.46414302216614206,
          0.479334155935391
        ],
        "5": [
          0.2984394832104605,
          0.02786662082389829
        ],
        "10": [
          0.3173322522975625,
          0.0795068269001607
        ],
        "20": [
          0.32486135467031035,
          0.038265180660228236
        ]
      },
      "retention": {
        "1": [
          -3.367767911817002,
          0.0,
          1
        ],
        "3": [
          -1.3954038374225322,
          0.0,
          1
        ],
        "5": [
          0.2819123914588616,
          0.0,
          1
        ],
        "10": [
          0.1938420571980385,
          0.1266157930989064,
          2
        ],
        "20": [
          0.22312400956298625,
          0.0,
          1
        ]
      }
    },
    "mlp": {
      "teacher": {
        "1": [
          -0.020383645817901568,
          9.449563697545299e-07
        ],
        "3": [
          -0.030376552526045614,
          1.0877647707836377e-06
        ],
        "5": [
          -0.051291623555720665,
          1.5921565563041136e-06
        ],
        "10": [
          -0.04016087088183632,
          6.475134680865966e-07
        ],
        "20": [
          -0.07675665757232213,
          1.3084865017690313e-06
        ]
      },